,mlp_fscore,mlp_fscore_std,gp_fscore_avg,gp_fscore_std,total_pareto
0,0.9333333333333335,0.0,0.8810681639008376,0.020392600628132737,2
