,mlp_fscore,mlp_fscore_std,gp_fscore_avg,gp_fscore_std,total_pareto,fit_max
0,0.8543689320388347,0.0,0.9077859483443959,0.021612944301503744,5,"[0.7774294670846396, 0.8321513002364065, 0.8321513002364065, 0.81524926686217, 0.8341968911917098, 0.8081841432225064, 0.8, 0.8333333333333334, 0.801007556675063, 0.8012048192771084, 0.7780548628428927, 0.801007556675063, 0.8083832335329341, 0.8298507462686567, 0.8379888268156425, 0.8143712574850299, 0.8081841432225064, 0.8145896656534956, 0.7667560321715818, 0.8321513002364065, 0.8181818181818182, 0.7959183673469388, 0.8298507462686567, 0.8162162162162162, 0.830945558739255, 0.7908309455587393, 0.8121546961325966, 0.8321513002364065, 0.8223844282238443, 0.8298507462686567]"
