,mlp_fscore,mlp_fscore_std,gp_fscore_avg,gp_fscore_std,total_pareto,fit_max
0,0.8936170212765963,0.0,0.8785027164254664,0.01702655309021876,3,"[0.854922279792746, 0.8218390804597703, 0.8535353535353536, 0.8513853904282116, 0.8421052631578948, 0.8409090909090908, 0.8184281842818427, 0.8306010928961749, 0.8240963855421688, 0.8314606741573034, 0.861111111111111, 0.8115183246073299, 0.8641975308641975, 0.8535353535353536, 0.8010335917312662, 0.8166259168704157, 0.7978142076502732, 0.8255813953488372, 0.8099999999999999, 0.8031088082901555, 0.7931034482758621, 0.7715736040609136, 0.8158508158508159, 0.7931034482758621, 0.8071216617210683, 0.8146214099216709, 0.8179551122194513, 0.8259587020648969, 0.8218390804597703, 0.8333333333333333]"
