,mlp_fscore,mlp_fscore_std,gp_fscore_avg,gp_fscore_std,total_pareto
0,0.9423076923076927,0.0,0.9220894121727191,0.02036903787732881,7
