,mlp_fscore,mlp_fscore_std,gp_fscore_avg,gp_fscore_std,total_pareto,fit_max
0,1.0,0.0,0.9103237850425272,0.051267245457275186,12,"[0.8053691275167785, 0.7674144037780402, 0.916754478398314, 0.7976588628762542, 0.7313432835820896, 0.7674144037780402, 0.8645720476706392, 0.8645720476706392, 0.8700696055684454, 0.838709677419355, 0.8645720476706392, 0.8121645796064401, 0.8636836628511966, 0.861952861952862, 0.7707641196013288, 0.8163672654690618, 0.8645720476706392, 0.8645720476706392, 0.8044132397191575, 0.916754478398314, 0.9831932773109243, 0.7674144037780402, 0.8614072494669509, 0.8236559139784945, 0.9184100418410042, 0.8203753351206434, 0.8628318584070798, 0.6970260223048327, 0.7464114832535885, 0.7699115044247787]"
