,mlp_fscore,mlp_fscore_std,gp_fscore_avg,gp_fscore_std,total_pareto,fit_max
0,1.0,0.0,0.9247044748593131,0.0546371159156337,1,"[0.7686915887850466, 0.8451025056947608, 0.8607863974495218, 0.8784227820372399, 0.7686915887850466, 0.796, 0.8198757763975156, 0.7945492662473795, 0.75, 0.8025078369905956, 0.7833333333333333, 0.7686915887850466, 0.7545045045045045, 0.8394618834080718, 0.8607863974495218, 0.7271010387157696, 0.85, 0.7686915887850466, 0.7686915887850466, 0.7686915887850466, 0.8278688524590163, 0.9844559585492229, 0.8607863974495218, 0.904059040590406, 0.8101545253863135, 0.7440076701821668, 0.8098818474758325, 0.8376068376068376, 0.7872559095580678, 0.8101545253863135]"
