,mlp_fscore,mlp_fscore_std,gp_fscore_avg,gp_fscore_std,total_pareto
0,0.9920000000000007,0.0,0.9122570736592598,0.04073375427710481,3
