,mlp_fscore,mlp_fscore_std,gp_fscore_avg,gp_fscore_std,total_pareto,fit_max
0,1.0,0.0,0.8917303187392364,0.05231022024447449,6,"[0.9868287740628165, 0.826044703595724, 0.8462255358807084, 0.7879490150637313, 0.8275862068965517, 0.8462255358807084, 0.7702857142857142, 0.8424581005586592, 0.7702857142857142, 0.837865055387714, 0.7963636363636364, 0.7702857142857142, 0.934020618556701, 0.8462255358807084, 0.814317673378076, 0.7702857142857142, 0.8633993743482794, 0.8140868140868142, 0.7934426229508196, 0.826530612244898, 0.8462255358807084, 0.7702857142857142, 0.7814207650273224, 0.8633993743482794, 0.8793264733395697, 0.7702857142857142, 0.8424581005586592, 0.853220696937698, 0.8633993743482794, 0.7767354596622889]"
