,mlp_fscore,mlp_fscore_std,gp_fscore_avg,gp_fscore_std,total_pareto,fit_max
0,1.0,0.0,0.9796587964971258,0.01618682031390806,1,"[0.7732342007434945, 0.8604651162790697, 0.9402985074626865, 0.8239700374531835, 0.7848101265822784, 0.9019607843137255, 0.8604651162790697, 0.8791208791208792, 0.7569721115537847, 0.8604651162790697, 0.9118773946360154, 0.9019607843137255, 0.8221343873517787, 0.7637795275590551, 0.8646616541353382, 0.8604651162790697, 0.8401486988847584, 0.8604651162790697, 0.8717948717948718, 0.8965517241379309, 0.8646616541353382, 0.8604651162790697, 0.83739837398374, 0.7287449392712549, 0.9402985074626865, 0.9010989010989011, 0.8646616541353382, 0.8705882352941177, 0.8401486988847584, 0.8127490039840638]"
