,mlp_fscore,mlp_fscore_std,gp_fscore_avg,gp_fscore_std,total_pareto,fit_max
0,0.9866666666666671,0.0,0.9188728728402088,0.02400155899785866,2,"[0.9236363636363636, 0.9428571428571428, 0.9070631970260223, 0.8712121212121212, 0.9124087591240875, 0.9124087591240875, 0.8712121212121212, 0.9, 0.8712121212121212, 0.8962962962962963, 0.8712121212121212, 0.9157509157509158, 0.9, 0.9124087591240875, 0.8947368421052632, 0.8712121212121212, 0.876923076923077, 0.945054945054945, 0.8679245283018868, 0.9675090252707581, 0.9022556390977443, 0.8712121212121212, 0.8814814814814814, 0.8712121212121212, 0.8871595330739299, 0.8937728937728937, 0.907749077490775, 0.9124087591240875, 0.8666666666666667, 0.8682170542635659]"
