,mlp_fscore,mlp_fscore_std,gp_fscore_avg,gp_fscore_std,total_pareto,fit_max
0,0.9850746268656715,0.0,0.9272678325111811,0.027940339662743965,1,"[0.7868852459016394, 0.909090909090909, 0.8634686346863469, 0.8975265017667844, 0.8791208791208791, 0.8582375478927203, 0.8791208791208791, 0.7956204379562045, 0.8494208494208495, 0.8996282527881042, 0.8791208791208791, 0.8582375478927203, 0.9065743944636678, 0.88, 0.8597014925373134, 0.8791208791208791, 0.8791208791208791, 0.8421052631578948, 0.8582375478927203, 0.8996282527881042, 0.8195488721804511, 0.8996282527881042, 0.8634686346863469, 0.7890625, 0.8856088560885609, 0.9507042253521126, 0.7851851851851853, 0.9175627240143368, 0.7890625, 0.875]"
