,mlp_fscore,mlp_fscore_std,gp_fscore_avg,gp_fscore_std,total_pareto
0,0.9629629629629626,0.0,0.8914633921005463,0.031434342175436114,2
