,mlp_fscore,mlp_fscore_std,gp_fscore_avg,gp_fscore_std,total_pareto
0,0.9473684210526311,0.0,0.8273516538908592,0.03665937979832528,3
