,mlp_fscore,mlp_fscore_std,gp_fscore_avg,gp_fscore_std,total_pareto,fit_max
0,0.9885057471264364,0.0,0.9265181365443149,0.017252676507268316,2,"[0.9254901960784314, 0.8559670781893003, 0.8549019607843137, 0.8559670781893003, 0.9011857707509882, 0.8981132075471698, 0.9254901960784314, 0.874493927125506, 0.8712121212121211, 0.8539325842696629, 0.8981132075471698, 0.8559670781893003, 0.8549019607843137, 0.8549019607843137, 0.8549019607843137, 0.9254901960784314, 0.9548872180451128, 0.8712121212121211, 0.8617886178861789, 0.9254901960784314, 0.8549019607843137, 0.8333333333333333, 0.8571428571428571, 0.84375, 0.8559670781893003, 0.862453531598513, 0.9254901960784314, 0.8428571428571429, 0.8981132075471698, 0.8549019607843137]"
