,mlp_fscore,mlp_fscore_std,gp_fscore_avg,gp_fscore_std,total_pareto
0,0.9610389610389615,0.0,0.903603084499304,0.02154418350115912,2
