,mlp_fscore,mlp_fscore_std,gp_fscore_avg,gp_fscore_std,total_pareto,fit_max
0,1.0,0.0,0.9358362840403349,0.018679570640072796,1,"[0.7709923664122138, 0.9550173010380623, 0.8648648648648649, 0.9084507042253522, 0.8538461538461538, 0.8098591549295776, 0.8657718120805369, 0.8633093525179855, 0.8668730650154799, 0.8664259927797834, 0.775244299674267, 0.8782287822878229, 0.944055944055944, 0.8641975308641976, 0.9517241379310345, 0.762589928057554, 0.8267716535433071, 0.9163636363636364, 0.9085365853658537, 0.8785714285714287, 0.8221574344023324, 0.9283489096573209, 0.9169675090252708, 0.8912280701754386, 0.8717948717948719, 0.9383561643835617, 0.9, 0.8044280442804429, 0.9141104294478527, 0.8865248226950355]"
