,mlp_fscore,mlp_fscore_std,gp_fscore_avg,gp_fscore_std,total_pareto,fit_max
0,1.0,0.0,0.9578650409591221,0.02189422358287228,2,"[0.8992805755395683, 0.9059233449477352, 0.880952380952381, 0.9355932203389831, 0.9214285714285715, 0.8031496062992126, 0.8611111111111112, 0.9290780141843972, 0.9148936170212766, 0.8982456140350877, 0.8856088560885609, 0.8126984126984127, 0.863013698630137, 0.79734219269103, 0.7909604519774012, 0.9252669039145908, 0.8345864661654135, 0.8705882352941177, 0.8823529411764706, 0.89937106918239, 0.9135802469135803, 0.8856088560885609, 0.9072164948453608, 0.9214285714285715, 0.8292682926829269, 0.9204152249134949, 0.9455782312925171, 0.8498168498168499, 0.9014084507042254, 0.8856088560885609]"
