,mlp_fscore,mlp_fscore_std,gp_fscore_avg,gp_fscore_std,total_pareto,fit_max
0,1.0,0.0,0.970075774656159,0.022505208138247447,4,"[0.9105058365758755, 0.8313725490196079, 0.9003215434083601, 0.9083969465648855, 0.9003215434083601, 0.9007633587786259, 0.9484536082474228, 0.9635036496350364, 0.9097744360902256, 0.9242424242424242, 0.9272030651340997, 0.8754448398576512, 0.9743589743589743, 0.842443729903537, 0.9117647058823529, 0.948905109489051, 0.917562724014337, 0.9034749034749034, 0.9259259259259259, 0.8750000000000001, 0.8929889298892988, 0.8705882352941176, 0.8941176470588236, 0.9288389513108615, 0.8803088803088803, 0.8863636363636365, 0.8764940239043825, 0.8996282527881042, 0.9027237354085603, 0.8992248062015504]"
