,mlp_fscore,mlp_fscore_std,gp_fscore_avg,gp_fscore_std,total_pareto,fit_max
0,1.0,0.0,0.9530103880602503,0.022428540536537804,4,"[0.9527027027027026, 0.9073482428115016, 0.9386281588447654, 0.9530685920577617, 0.9280575539568345, 0.8095238095238095, 0.953405017921147, 0.910394265232975, 0.9172932330827066, 0.9172932330827066, 0.8951048951048951, 0.888030888030888, 0.890282131661442, 0.967741935483871, 0.888030888030888, 0.8796992481203008, 0.9219858156028368, 0.8803088803088803, 0.8740740740740742, 0.8551724137931034, 0.9073482428115016, 0.9386281588447654, 0.9022556390977443, 0.8975265017667844, 0.8905109489051095, 0.9084249084249084, 0.9386281588447654, 0.888030888030888, 0.9444444444444445, 0.9090909090909092]"
