,mlp_fscore,mlp_fscore_std,gp_fscore_avg,gp_fscore_std,total_pareto
0,0.9710144927536238,0.0,0.9203933158804788,0.021699855430241277,6
