,mlp_fscore,mlp_fscore_std,gp_fscore_avg,gp_fscore_std,total_pareto,fit_max
0,0.9733333333333329,0.0,0.9142896102740151,0.02064840192267388,6,"[0.8937728937728938, 0.8149532710280374, 0.9039548022598871, 0.9063097514340344, 0.8576998050682262, 0.7942973523421589, 0.8356435643564357, 0.7909604519774012, 0.8982229402261711, 0.8392156862745098, 0.8592321755027421, 0.7700729927007298, 0.8356997971602433, 0.8046874999999999, 0.8237476808905381, 0.8972972972972972, 0.8466019417475729, 0.7658959537572254, 0.8090349075975358, 0.8954128440366974, 0.795959595959596, 0.8705035971223022, 0.8471953578336556, 0.9219330855018587, 0.7755102040816326, 0.8237704918032787, 0.9066666666666667, 0.8526522593320236, 0.8954128440366974, 0.9313543599257884]"
