,mlp_fscore,mlp_fscore_std,gp_fscore_avg,gp_fscore_std,total_pareto
0,0.9777777777777777,0.0,0.90693016762025,0.019370588446125065,8
