,mlp_fscore,mlp_fscore_std,gp_fscore_avg,gp_fscore_std,total_pareto,fit_max
0,0.9722222222222217,0.0,0.9285405283329008,0.019783430447729428,1,"[0.8161616161616162, 0.9031141868512111, 0.9041095890410958, 0.791044776119403, 0.8796992481203006, 0.8884826325411334, 0.7984496124031009, 0.8157894736842106, 0.9051094890510949, 0.8649572649572651, 0.8460111317254174, 0.89272030651341, 0.8430335097001763, 0.8041237113402061, 0.870201096892139, 0.8973384030418251, 0.822742474916388, 0.8727272727272728, 0.8687258687258688, 0.8315789473684212, 0.8228346456692913, 0.8551724137931035, 0.8996539792387545, 0.8961748633879782, 0.8384879725085911, 0.785829307568438, 0.846286701208981, 0.8203125000000001, 0.8270181219110379, 0.8210526315789474]"
