,mlp_fscore,mlp_fscore_std,gp_fscore_avg,gp_fscore_std,total_pareto
0,0.9659863945578235,0.0,0.9177194727673541,0.017223464576336302,8
