,mlp_fscore,mlp_fscore_std,gp_fscore_avg,gp_fscore_std,total_pareto,fit_max
0,0.9795918367346943,0.0,0.9316101914501381,0.015124422468237161,7,"[0.842948717948718, 0.8737864077669903, 0.7925233644859814, 0.8875968992248061, 0.8390804597701148, 0.8566037735849056, 0.8897485493230174, 0.7686062246278755, 0.9084249084249083, 0.8381294964028777, 0.7837837837837839, 0.8698630136986302, 0.8599221789883268, 0.8922495274102079, 0.8172888015717092, 0.8593508500772797, 0.8287937743190662, 0.9018867924528302, 0.8637992831541219, 0.8512241054613937, 0.8016528925619835, 0.7840909090909092, 0.9313543599257885, 0.7874794069192751, 0.7858627858627859, 0.7915194346289751, 0.8721804511278196, 0.8673267326732673, 0.8031189083820662, 0.8897338403041825]"
